Home,Away,H_proj,A_proj,pinny_AH,pinny_home_AH_odds,pinny_away_AH_odds,pinny_OU,pinny_over_odds,pinny_under_odds,p_home_cover,p_over,AH Bet,AH Bet Amount,AH Bet Odds,AH Bet Book,OU Bet,OU Bet Amount,OU Bet Odds,OU Bet Book,AH Result,OU Result
Fredrikstad,Start Kristiansand,1.544082673,1.59633371,0.25,1.84,2.02,3,1.826,2.02,0.420803209,0.498018273,Start Kristiansand +0.25,333.289252,2.01,PIN,,,,,,
Asane Fotball,Stabaek,1.792141639,1.453000858,-0.25,1.833,2.03,2.75,1.854,1.99,0.644468046,0.585217124,Asane Fotball +0.25,435.3179543,1.845,PIN/P88,,,,,,
Skeid Oslo,Brann,1.374643268,1.679323916,-1,1.925,1.925,3,1.917,1.917,0.700643877,0.473631947,Skeid Oslo +1.0,600,1.917,PIN/P88,,,,,,
Mjondalen IF,Stjordals Blink,2.01177905,1.021928394,0.75,1.97,1.877,2.75,1.9,1.934,0.549389187,0.534262006,,,,,,,,,,
Sogndal,Bryne,1.898610801,0.89675575,0.75,1.99,1.862,2.5,1.869,1.97,0.553641345,0.531457216,Sogndal -0.75,205.548034,1.99,PIN,,,,,,
KFUM Oslo,Raufoss,1.963530693,1.297404538,0.5,1.892,1.961,2.75,1.862,1.98,0.529173219,0.588773765,,,,,,,,,,
Ranheim IL,Grorud,2.190048454,1.28341261,0.5,1.869,1.98,3.25,2,1.84,0.579515787,0.515928432,,,,,,,,,,
Sandnes Ulf,Kongsvinger,1.672416685,1.223090841,0.5,2.04,1.826,3,2,1.84,0.479242656,0.428115311,,,,,,,,,,
